{"cameraMode":{"drawMode":0,"name":"Shaded","section":"Shading Mode"},"sceneLighting":true,"audioPlay":false,"sceneViewState":{"m_AlwaysRefresh":false,"showFog":true,"showSkybox":false,"showFlares":true,"showImageEffects":true,"showParticleSystems":true,"showVisualEffectGraphs":true,"m_FxEnabled":true},"in2DMode":false,"pivot":{"x":1.9185857772827149,"y":5.8154449462890629,"z":12.664793968200684},"rotation":{"x":-0.4595578908920288,"y":0.02034098282456398,"z":-0.0014732170384377242,"w":-0.8882385492324829},"size":27.42523765563965,"orthographic":true}