{"cameraMode":{"drawMode":0,"name":"Shaded","section":"Shading Mode"},"sceneLighting":true,"audioPlay":false,"sceneViewState":{"m_AlwaysRefresh":false,"showFog":true,"showSkybox":false,"showFlares":true,"showImageEffects":true,"showParticleSystems":true,"showVisualEffectGraphs":true,"m_FxEnabled":true},"in2DMode":false,"pivot":{"x":8.265669822692871,"y":-1.08587646484375,"z":-10.670623779296875},"rotation":{"x":0.5464584231376648,"y":0.004137943033128977,"z":-0.002957005053758621,"w":0.8375455141067505},"size":30.135875701904298,"orthographic":true}