{"cameraMode":{"drawMode":0,"name":"Shaded","section":"Shading Mode"},"sceneLighting":true,"audioPlay":false,"sceneViewState":{"m_AlwaysRefresh":false,"showFog":true,"showSkybox":false,"showFlares":true,"showImageEffects":true,"showParticleSystems":true,"showVisualEffectGraphs":true,"m_FxEnabled":true},"in2DMode":false,"pivot":{"x":9.011140823364258,"y":13.947081565856934,"z":-1.1892693042755128},"rotation":{"x":0.5842292904853821,"y":-0.0357348695397377,"z":0.025835175067186357,"w":0.8104498386383057},"size":41.750789642333987,"orthographic":true}