{"cameraMode":{"drawMode":0,"name":"Shaded","section":"Shading Mode"},"sceneLighting":false,"audioPlay":false,"sceneViewState":{"m_AlwaysRefresh":false,"showFog":true,"showSkybox":false,"showFlares":true,"showImageEffects":true,"showParticleSystems":true,"showVisualEffectGraphs":true,"m_FxEnabled":true},"in2DMode":false,"pivot":{"x":1.1878081560134888,"y":1.1758041381835938,"z":-5.155078411102295},"rotation":{"x":-0.44494837522506716,"y":0.005058069247752428,"z":-0.0026212099473923446,"w":-0.8955904245376587},"size":11.546599388122559,"orthographic":true}