{"cameraMode":{"drawMode":0,"name":"Shaded","section":"Shading Mode"},"sceneLighting":false,"audioPlay":false,"sceneViewState":{"m_AlwaysRefresh":false,"showFog":true,"showSkybox":false,"showFlares":true,"showImageEffects":true,"showParticleSystems":true,"showVisualEffectGraphs":true,"m_FxEnabled":true},"in2DMode":false,"pivot":{"x":1.1878081560134888,"y":1.1758041381835938,"z":-5.155078411102295},"rotation":{"x":-0.45432665944099429,"y":-0.005655885674059391,"z":0.0027866719756275417,"w":-0.8908653259277344},"size":11.546599388122559,"orthographic":true}