{"cameraMode":{"drawMode":0,"name":"Shaded","section":"Shading Mode"},"sceneLighting":false,"audioPlay":false,"sceneViewState":{"m_AlwaysRefresh":false,"showFog":true,"showSkybox":false,"showFlares":true,"showImageEffects":true,"showParticleSystems":true,"showVisualEffectGraphs":true,"m_FxEnabled":true},"in2DMode":false,"pivot":{"x":-2.0888185501098635,"y":3.9984726905822756,"z":-3.386160373687744},"rotation":{"x":0.5751268267631531,"y":-0.11227111518383026,"z":0.08002743870019913,"w":0.8064465522766113},"size":12.016715049743653,"orthographic":true}