{"cameraMode":{"drawMode":0,"name":"Shaded","section":"Shading Mode"},"sceneLighting":false,"audioPlay":false,"sceneViewState":{"m_AlwaysRefresh":false,"showFog":true,"showSkybox":false,"showFlares":true,"showImageEffects":true,"showParticleSystems":true,"showVisualEffectGraphs":true,"m_FxEnabled":true},"in2DMode":false,"pivot":{"x":-2.0888185501098635,"y":3.9984726905822756,"z":-3.386160373687744},"rotation":{"x":0.36476367712020876,"y":-0.08534278720617295,"z":0.033498287200927737,"w":0.9266507029533386},"size":29.576343536376954,"orthographic":true}